{"options":{},"indexes":[{"v":2,"key":{"_id":1},"name":"_id_","ns":"mflix.movies"},{"v":2,"key":{"_fts":"text","_ftsx":1},"name":"title_text_cast_text_directors_text","ns":"mflix.movies","weights":{"cast":1,"directors":1,"title":1},"default_language":"english","language_override":"language","textIndexVersion":3},{"v":2,"key":{"tomatoes.viewer.numReviews":-1},"name":"tomatoes.viewer.numReviews_-1","ns":"mflix.movies"},{"v":2,"key":{"genres":1,"tomatoes.viewer.numReviews":-1},"name":"genres_1_tomatoes.viewer.numReviews_-1","ns":"mflix.movies"}]}